kind,policy,scenario,burst_duration_seconds,rate_cv2,seed,risk_e,p_mission,risk_utilization,target_met,pass_count,fixed_over_policy_gain,mean_tau_seconds,min_tau_seconds,max_tau_seconds,observed_corrections,high_activity_events,relax_events,max_k_per_pass,p_cache_entries
policy,measured_q16_high1_max3600,poisson_sanity,0,0,20260621,0.00683821987332,0.00681489245077,0.680397150205,true,6449583,4.89229768808,24.4614887505,1,600,309890,296898,276416,5,6
baseline_expected,always_tau_min_1s,poisson_sanity,0,0,20260621,0.00110176858357,0.0011011618594,0.109625051304,true,157766400,0.2,1,1,1,,,,,
policy,measured_q16_high1_max3600,poisson_sanity,0,0,20260622,0.00685986299819,0.00683638784746,0.682550623003,true,6446965,4.89428436481,24.4714224445,1,600,309427,296405,276418,5,6
baseline_expected,always_tau_min_1s,poisson_sanity,0,0,20260622,0.00110176858357,0.0011011618594,0.109625051304,true,157766400,0.2,1,1,1,,,,,
policy,measured_q16_high1_max3600,poisson_sanity,0,0,20260623,0.0068815061276,0.00685788278343,0.684704096252,true,6471299,4.8758804067,24.3794029607,1,600,310545,297504,277277,5,6
baseline_expected,always_tau_min_1s,poisson_sanity,0,0,20260623,0.00110176858357,0.0011011618594,0.109625051304,true,157766400,0.2,1,1,1,,,,,
policy,measured_q16_high1_max3600,poisson_sanity,0,0,20260624,0.00681053680653,0.00678739766053,0.677642708244,true,6462976,4.88215955003,24.4107994521,1,600,310076,297122,277009,5,6
baseline_expected,always_tau_min_1s,poisson_sanity,0,0,20260624,0.00110176858357,0.0011011618594,0.109625051304,true,157766400,0.2,1,1,1,,,,,
policy,measured_q16_high1_max3600,poisson_sanity,0,0,20260625,0.00682362335785,0.00680039530318,0.678944809141,true,6458320,4.88567924785,24.428397478,1,600,310221,297289,277070,5,6
baseline_expected,always_tau_min_1s,poisson_sanity,0,0,20260625,0.00110176858357,0.0011011618594,0.109625051304,true,157766400,0.2,1,1,1,,,,,
policy,measured_q16_high1_max3600,burst_300s_cv2_0.1,300,0.1,20360621,0.00737376133116,0.00734664185154,0.733683076729,true,6415765,4.91808537252,24.5904357469,1,600,309833,295903,275428,5,6
baseline_expected,always_tau_min_1s,burst_300s_cv2_0.1,300,0.1,20360621,0.00120647786375,0.00120575036193,0.120043536986,true,157766400,0.2,1,1,1,,,,,
policy,measured_q16_high1_max3600,burst_300s_cv2_0.1,300,0.1,20360622,0.00734406496568,0.00731716321692,0.730728313236,true,6410700,4.9219710796,24.6098617936,1,600,309175,295334,275044,6,7
baseline_expected,always_tau_min_1s,burst_300s_cv2_0.1,300,0.1,20360622,0.00120473700749,0.0012040116032,0.119870323246,true,157766400,0.2,1,1,1,,,,,
policy,measured_q16_high1_max3600,burst_300s_cv2_0.1,300,0.1,20360623,0.00729725541071,0.00727069508753,0.72607080172,true,6425753,4.91044084639,24.5522134137,1,600,310068,296272,276141,5,6
baseline_expected,always_tau_min_1s,burst_300s_cv2_0.1,300,0.1,20360623,0.00121415052652,0.00121341374399,0.120806960505,true,157766400,0.2,1,1,1,,,,,
policy,measured_q16_high1_max3600,burst_300s_cv2_0.1,300,0.1,20360624,0.00739188114813,0.00736462838575,0.735485983342,true,6419746,4.91503557929,24.5751824138,1,600,310074,296084,275830,5,6
baseline_expected,always_tau_min_1s,burst_300s_cv2_0.1,300,0.1,20360624,0.00121163595637,0.00121090222189,0.120556762881,true,157766400,0.2,1,1,1,,,,,
policy,measured_q16_high1_max3600,burst_300s_cv2_0.1,300,0.1,20360625,0.00745479720726,0.00742707912688,0.741746078531,true,6406214,4.92541772723,24.6270889483,1,600,309541,295458,275121,5,6
baseline_expected,always_tau_min_1s,burst_300s_cv2_0.1,300,0.1,20360625,0.00121318338415,0.0012124477747,0.12071073065,true,157766400,0.2,1,1,1,,,,,
policy,measured_q16_high1_max3600,burst_300s_cv2_0.25,300,0.25,20460621,0.0081574437192,0.00812426206232,0.811658817985,true,6370624,4.95293396691,24.76467266,1,600,309846,294551,273818,6,7
baseline_expected,always_tau_min_1s,burst_300s_cv2_0.25,300,0.25,20460621,0.0013422001758,0.00134129982801,0.133547793364,true,157766400,0.2,1,1,1,,,,,
policy,measured_q16_high1_max3600,burst_300s_cv2_0.25,300,0.25,20460622,0.00820425328618,0.00817069024946,0.816316330695,true,6380803,4.94503278036,24.725166566,1,600,310059,294754,274369,6,7
baseline_expected,always_tau_min_1s,burst_300s_cv2_0.25,300,0.25,20460622,0.00139023491332,0.00138926898444,0.138327209517,true,157766400,0.2,1,1,1,,,,,
policy,measured_q16_high1_max3600,burst_300s_cv2_0.25,300,0.25,20460623,0.00808546776506,0.00805286829041,0.80449727083,true,6378126,4.94710828855,24.7355491252,1,600,309611,294494,274294,6,7
baseline_expected,always_tau_min_1s,burst_300s_cv2_0.25,300,0.25,20460623,0.00134439236517,0.00134348907459,0.13376591437,true,157766400,0.2,1,1,1,,,,,
policy,measured_q16_high1_max3600,burst_300s_cv2_0.25,300,0.25,20460624,0.00813781392796,0.00810479155754,0.809705670196,true,6382207,4.94394493942,24.7197325314,1,600,310335,295145,274528,5,6
baseline_expected,always_tau_min_1s,burst_300s_cv2_0.25,300,0.25,20460624,0.00135148474252,0.00135057189829,0.134471599976,true,157766400,0.2,1,1,1,,,,,
policy,measured_q16_high1_max3600,burst_300s_cv2_0.25,300,0.25,20460625,0.0081181841159,0.00808532064992,0.807752520338,true,6387648,4.93973368601,24.6986695259,1,600,310535,295363,274618,6,7
baseline_expected,always_tau_min_1s,burst_300s_cv2_0.25,300,0.25,20460625,0.00133620389313,0.0013353115702,0.13295116826,true,157766400,0.2,1,1,1,,,,,
policy,measured_q16_high1_max3600,burst_300s_cv2_0.5,300,0.5,20560621,0.00961659294295,0.0095705013793,0.956842943671,true,6306842,5.00302370029,25.015124051,1,600,310449,292821,271903,7,8
baseline_expected,always_tau_min_1s,burst_300s_cv2_0.5,300,0.5,20560621,0.00163621145512,0.00163487359094,0.162801669414,true,157766400,0.2,1,1,1,,,,,
policy,measured_q16_high1_max3600,burst_300s_cv2_0.5,300,0.5,20560622,0.00938959181561,0.00934564724646,0.934256521621,true,6318566,4.99374066837,24.9687035001,1,600,310638,293397,272365,7,8
baseline_expected,always_tau_min_1s,burst_300s_cv2_0.5,300,0.5,20560622,0.00162789403078,0.00162656972999,0.161974092658,true,157766400,0.2,1,1,1,,,,,
policy,measured_q16_high1_max3600,burst_300s_cv2_0.5,300,0.5,20560623,0.00935234548699,0.00930874832171,0.930550543118,true,6323206,4.99007623664,24.9503897232,1,600,310957,293707,272695,7,8
baseline_expected,always_tau_min_1s,burst_300s_cv2_0.5,300,0.5,20560623,0.00161480537075,0.00161350227407,0.160671781948,true,157766400,0.2,1,1,1,,,,,
policy,measured_q16_high1_max3600,burst_300s_cv2_0.5,300,0.5,20560624,0.00947566097763,0.00943090836721,0.942820331156,true,6317574,4.99452479702,24.9726322161,1,600,310862,293496,272611,5,6
baseline_expected,always_tau_min_1s,burst_300s_cv2_0.5,300,0.5,20560624,0.00160790642187,0.0016066144329,0.159985342312,true,157766400,0.2,1,1,1,,,,,
policy,measured_q16_high1_max3600,burst_300s_cv2_0.5,300,0.5,20560625,0.00942985808506,0.00938553639845,0.938262981706,true,6292676,5.01428644983,25.0714406717,1,600,309791,292467,271257,7,8
baseline_expected,always_tau_min_1s,burst_300s_cv2_0.5,300,0.5,20560625,0.00153414569741,0.00153296949747,0.152646212005,true,157766400,0.2,1,1,1,,,,,
policy,measured_q16_high1_max3600,burst_300s_cv2_0.75,300,0.75,20660621,0.0107677051323,0.0107099409107,1.07137764243,false,6229511,5.06512951017,25.3256497982,1,600,310274,290778,269089,6,7
baseline_expected,always_tau_min_1s,burst_300s_cv2_0.75,300,0.75,20660621,0.00171326046363,0.00171179367071,0.17046798123,true,157766400,0.2,1,1,1,,,,,
policy,measured_q16_high1_max3600,burst_300s_cv2_0.75,300,0.75,20660622,0.0107757584975,0.0107179079927,1.07217894552,false,6235955,5.05989539694,25.2994875685,1,600,310308,290923,269276,11,10
baseline_expected,always_tau_min_1s,burst_300s_cv2_0.75,300,0.75,20660622,0.00183576516335,0.00183408117711,0.182657096251,true,157766400,0.2,1,1,1,,,,,
policy,measured_q16_high1_max3600,burst_300s_cv2_0.75,300,0.75,20660623,0.0107234122516,0.0106661214337,1.0669705379,false,6214833,5.07709217609,25.3854700521,1,1200,309030,289673,268223,6,7
baseline_expected,always_tau_min_1s,burst_300s_cv2_0.75,300,0.75,20660623,0.00182216069406,0.00182050156715,0.181303462951,true,157766400,0.2,1,1,1,,,,,
policy,measured_q16_high1_max3600,burst_300s_cv2_0.75,300,0.75,20660624,0.0107958915406,0.0107378250512,1.07418216644,false,6209017,5.0818478996,25.4092412696,1,600,309164,289638,268354,7,8
baseline_expected,always_tau_min_1s,burst_300s_cv2_0.75,300,0.75,20660624,0.00186600448133,0.00186426457736,0.185665883064,true,157766400,0.2,1,1,1,,,,,
policy,measured_q16_high1_max3600,burst_300s_cv2_0.75,300,0.75,20660625,0.0108004215288,0.010742306387,1.07463289647,false,6223121,5.07033046602,25.3516547404,1,600,309638,290205,268878,7,8
baseline_expected,always_tau_min_1s,burst_300s_cv2_0.75,300,0.75,20660625,0.00188624999486,0.00188447214334,0.187680294705,true,157766400,0.2,1,1,1,,,,,
policy,measured_q16_high1_max3600,burst_300s_cv2_1,300,1,20760621,0.0120376029719,0.0119654408724,1.19773141389,false,6167887,5.11573574548,25.5786788895,1,600,310281,288998,267132,10,9
baseline_expected,always_tau_min_1s,burst_300s_cv2_1,300,1,20760621,0.00209347636586,0.00209128657257,0.208299145061,true,157766400,0.2,1,1,1,,,,,
policy,measured_q16_high1_max3600,burst_300s_cv2_1,300,1,20760622,0.0120879357966,0.0120151701912,1.2027394878,false,6145861,5.13406990493,25.6703586365,1,600,309461,288051,266119,8,8
baseline_expected,always_tau_min_1s,burst_300s_cv2_1,300,1,20760622,0.00219193145874,0.00218953093123,0.218095344344,true,157766400,0.2,1,1,1,,,,,
policy,measured_q16_high1_max3600,burst_300s_cv2_1,300,1,20760623,0.0121186388563,0.0120455038826,1.20579441652,false,6166691,5.11672791778,25.5836549942,1,600,310210,288797,267197,9,9
baseline_expected,always_tau_min_1s,burst_300s_cv2_1,300,1,20760623,0.00221108087759,0.00220863823889,0.220000695481,true,157766400,0.2,1,1,1,,,,,
policy,measured_q16_high1_max3600,burst_300s_cv2_1,300,1,20760624,0.0120300530202,0.011957981231,1.19698020002,false,6173552,5.11104142315,25.5552074397,1,600,310253,288883,267121,9,10
baseline_expected,always_tau_min_1s,burst_300s_cv2_1,300,1,20760624,0.0020264211618,0.00202436935662,0.201627208418,true,157766400,0.2,1,1,1,,,,,
policy,measured_q16_high1_max3600,burst_300s_cv2_1,300,1,20760625,0.0119490171585,0.0118779111504,1.18891719965,false,6179145,5.10641520793,25.5320817039,1,600,310655,289409,267464,10,10
baseline_expected,always_tau_min_1s,burst_300s_cv2_1,300,1,20760625,0.00196413719342,0.00196220953823,0.195430005728,true,157766400,0.2,1,1,1,,,,,
policy,measured_q16_high1_max3600,burst_600s_cv2_0.1,600,0.1,20860621,0.00732594515698,0.00729917583085,0.728925407446,true,6415826,4.91803861264,24.5901935308,1,600,309387,295576,275536,9,7
baseline_expected,always_tau_min_1s,burst_600s_cv2_0.1,600,0.1,20860621,0.00120983062395,0.00120909907393,0.120377133818,true,157766400,0.2,1,1,1,,,,,
policy,measured_q16_high1_max3600,burst_600s_cv2_0.1,600,0.1,20860622,0.00728215556043,0.00725570491049,0.724568379264,true,6433365,4.90463078031,24.5231549897,1,600,310168,296414,275981,5,6
baseline_expected,always_tau_min_1s,burst_600s_cv2_0.1,600,0.1,20860622,0.00121124909942,0.00121051583332,0.120518270939,true,157766400,0.2,1,1,1,,,,,
policy,measured_q16_high1_max3600,burst_600s_cv2_0.1,600,0.1,20860623,0.00726403573146,0.00723771639068,0.722765471458,true,6439194,4.90019092452,24.5009549332,1,600,310705,296966,276382,5,6
baseline_expected,always_tau_min_1s,burst_600s_cv2_0.1,600,0.1,20860623,0.00120673576838,0.00120600795556,0.12006919828,true,157766400,0.2,1,1,1,,,,,
policy,measured_q16_high1_max3600,burst_600s_cv2_0.1,600,0.1,20860624,0.00726655237695,0.00724021481826,0.723015875576,true,6433367,4.90462925557,24.5231478322,1,600,310143,296416,276084,5,6
baseline_expected,always_tau_min_1s,burst_600s_cv2_0.1,600,0.1,20860624,0.00119203520441,0.00119132501267,0.118606504478,true,157766400,0.2,1,1,1,,,,,
policy,measured_q16_high1_max3600,burst_600s_cv2_0.1,600,0.1,20860625,0.00717444327435,0.00714876839389,0.713851097011,true,6454952,4.88822844848,24.4411515376,1,600,310696,297129,276972,5,6
baseline_expected,always_tau_min_1s,burst_600s_cv2_0.1,600,0.1,20860625,0.00121550452583,0.00121476609942,0.120941682303,true,157766400,0.2,1,1,1,,,,,
policy,measured_q16_high1_max3600,burst_600s_cv2_0.25,600,0.25,20960621,0.00808093783743,0.0080483748315,0.804046546824,true,6381844,4.94422615156,24.7211436068,1,600,310192,295165,274365,6,7
baseline_expected,always_tau_min_1s,burst_600s_cv2_0.25,600,0.25,20960621,0.00130886600225,0.00130800981073,0.130231071014,true,157766400,0.2,1,1,1,,,,,
policy,measured_q16_high1_max3600,burst_600s_cv2_0.25,600,0.25,20960622,0.0079082961698,0.00787710786525,0.786868845487,true,6396957,4.93254527113,24.662732296,1,600,310349,295573,275113,6,7
baseline_expected,always_tau_min_1s,burst_600s_cv2_0.25,600,0.25,20960622,0.00134574636448,0.0013448412539,0.133900636167,true,157766400,0.2,1,1,1,,,,,
policy,measured_q16_high1_max3600,burst_600s_cv2_0.25,600,0.25,20960623,0.00799184867058,0.00795999875105,0.795182249337,true,6358216,4.96259957196,24.8130058809,1,600,309067,294103,273456,5,6
baseline_expected,always_tau_min_1s,burst_600s_cv2_0.25,600,0.25,20960623,0.00132807989726,0.00132719838943,0.132142837475,true,157766400,0.2,1,1,1,,,,,
policy,measured_q16_high1_max3600,burst_600s_cv2_0.25,600,0.25,20960624,0.00783430685883,0.00780369866035,0.779506971013,true,6380251,4.94546060962,24.727306653,1,600,309946,295232,274296,5,6
baseline_expected,always_tau_min_1s,burst_600s_cv2_0.25,600,0.25,20960624,0.00130925285919,0.00130839616159,0.130269562956,true,157766400,0.2,1,1,1,,,,,
policy,measured_q16_high1_max3600,burst_600s_cv2_0.25,600,0.25,20960625,0.00786400324591,0.00783316286828,0.782461736656,true,6389857,4.93802599964,24.6901375101,1,600,310302,295562,274780,5,6
baseline_expected,always_tau_min_1s,burst_600s_cv2_0.25,600,0.25,20960625,0.00130306314805,0.00130221452991,0.129653691881,true,157766400,0.2,1,1,1,,,,,
policy,measured_q16_high1_max3600,burst_600s_cv2_0.5,600,0.5,21060621,0.00878408765697,0.00874562027501,0.874009364962,true,6317553,4.99454139918,24.9727095285,1,600,309833,293521,272366,8,8
baseline_expected,always_tau_min_1s,burst_600s_cv2_0.5,600,0.5,21060621,0.00147972782027,0.00147863356286,0.147231678806,true,157766400,0.2,1,1,1,,,,,
policy,measured_q16_high1_max3600,burst_600s_cv2_0.5,600,0.5,21060622,0.0091802071563,0.00913819770469,0.913422923385,true,6317668,4.99445048394,24.9722540026,1,600,310691,293752,272418,6,7
baseline_expected,always_tau_min_1s,burst_600s_cv2_0.5,600,0.5,21060622,0.00148088839111,0.00147979241697,0.147347154632,true,157766400,0.2,1,1,1,,,,,
policy,measured_q16_high1_max3600,burst_600s_cv2_0.5,600,0.5,21060623,0.0090664549403,0.00902547856803,0.902104673163,true,6307326,5.00263978745,25.0132022667,1,600,309663,292954,272007,6,7
baseline_expected,always_tau_min_1s,burst_600s_cv2_0.5,600,0.5,21060623,0.00154807254749,0.00154687490127,0.154031921923,true,157766400,0.2,1,1,1,,,,,
policy,measured_q16_high1_max3600,burst_600s_cv2_0.5,600,0.5,21060624,0.00896226593679,0.00892222454126,0.891737954574,true,6332848,4.98247865731,24.9123948656,1,600,310882,294327,273199,6,7
baseline_expected,always_tau_min_1s,burst_600s_cv2_0.5,600,0.5,21060624,0.00148501486521,0.00148391277624,0.147757735349,true,157766400,0.2,1,1,1,,,,,
policy,measured_q16_high1_max3600,burst_600s_cv2_0.5,600,0.5,21060625,0.00899749893979,0.00895714257235,0.895243608864,true,6315004,4.99655740519,24.9827916182,1,600,309929,293318,272007,7,7
baseline_expected,always_tau_min_1s,burst_600s_cv2_0.5,600,0.5,21060625,0.00147650401239,0.00147541451662,0.146910912621,true,157766400,0.2,1,1,1,,,,,
policy,measured_q16_high1_max3600,burst_600s_cv2_0.75,600,0.75,21160621,0.0101239480547,0.0100728733969,1.00732435236,false,6264425,5.03689963564,25.1845012112,1,600,310454,292070,270856,6,7
baseline_expected,always_tau_min_1s,burst_600s_cv2_0.75,600,0.75,21160621,0.00182209621791,0.00182043720837,0.181297047628,true,157766400,0.2,1,1,1,,,,,
policy,measured_q16_high1_max3600,burst_600s_cv2_0.75,600,0.75,21160622,0.00997395623379,0.00992438128866,0.992400291809,true,6246643,5.05123792091,25.2561947273,1,600,309907,291835,269748,10,9
baseline_expected,always_tau_min_1s,burst_600s_cv2_0.75,600,0.75,21160622,0.00162222012889,0.00162090504104,0.161409544172,true,157766400,0.2,1,1,1,,,,,
policy,measured_q16_high1_max3600,burst_600s_cv2_0.75,600,0.75,21160623,0.00981440103081,0.00976639696908,0.976524682744,true,6247777,5.05032109821,25.251608052,1,600,310111,292144,270073,9,8
baseline_expected,always_tau_min_1s,burst_600s_cv2_0.75,600,0.75,21160623,0.00164414202253,0.00164279116147,0.163590754229,true,157766400,0.2,1,1,1,,,,,
policy,measured_q16_high1_max3600,burst_600s_cv2_0.75,600,0.75,21160624,0.0100902250315,0.0100394894987,1.00396893981,false,6244700,5.05280958253,25.2640507951,1,600,310045,291652,269813,7,8
baseline_expected,always_tau_min_1s,burst_600s_cv2_0.75,600,0.75,21160624,0.00172692940907,0.00172543912448,0.171828029854,true,157766400,0.2,1,1,1,,,,,
policy,measured_q16_high1_max3600,burst_600s_cv2_0.75,600,0.75,21160625,0.0101677376734,0.0101162209792,1.01168138275,false,6255135,5.04438033712,25.2219064816,1,600,310343,291963,270383,10,8
baseline_expected,always_tau_min_1s,burst_600s_cv2_0.75,600,0.75,21160625,0.00181319850814,0.00181155565681,0.180411732958,true,157766400,0.2,1,1,1,,,,,
policy,measured_q16_high1_max3600,burst_600s_cv2_1,600,1,21260621,0.0110319527102,0.0109713238762,1.09767005511,false,6188363,5.09880884492,25.4940532739,1,600,309918,290182,267951,12,10
baseline_expected,always_tau_min_1s,burst_600s_cv2_1,600,1,21260621,0.0019086232216,0.00190680295855,0.189906412027,true,157766400,0.2,1,1,1,,,,,
policy,measured_q16_high1_max3600,burst_600s_cv2_1,600,1,21260622,0.0110259126245,0.0109653500402,1.09706907164,false,6204468,5.08557381551,25.4278690776,1,600,310885,290954,268833,6,7
baseline_expected,always_tau_min_1s,burst_600s_cv2_1,600,1,21260622,0.00187084019316,0.00186909126248,0.186147032341,true,157766400,0.2,1,1,1,,,,,
policy,measured_q16_high1_max3600,burst_600s_cv2_1,600,1,21260623,0.0109171937944,0.0108578175048,1.0862516391,false,6179030,5.10651024514,25.5325546243,1,600,309697,290107,267643,11,10
baseline_expected,always_tau_min_1s,burst_600s_cv2_1,600,1,21260623,0.00186929276538,0.00186754672578,0.185993064573,true,157766400,0.2,1,1,1,,,,,
policy,measured_q16_high1_max3600,burst_600s_cv2_1,600,1,21260624,0.0111920114325,0.0111296138742,1.11359576393,false,6186630,5.10023712425,25.5012016235,1,600,310302,290387,268078,20,10
baseline_expected,always_tau_min_1s,burst_600s_cv2_1,600,1,21260624,0.00190784950771,0.00190603071968,0.189829428142,true,157766400,0.2,1,1,1,,,,,
policy,measured_q16_high1_max3600,burst_600s_cv2_1,600,1,21260625,0.0110681922833,0.0110071652038,1.10127586228,false,6178915,5.10660528588,25.5330432608,1,600,309577,289740,267638,7,8
baseline_expected,always_tau_min_1s,burst_600s_cv2_1,600,1,21260625,0.00185820286625,0.00185647747617,0.184889628897,true,157766400,0.2,1,1,1,,,,,
policy,measured_q16_high1_max3600,burst_900s_cv2_0.1,900,0.1,21360621,0.00715733011339,0.00713177742557,0.712148351829,true,6422398,4.91300601426,24.5650341197,1,600,309242,295728,275671,5,6
baseline_expected,always_tau_min_1s,burst_900s_cv2_0.1,900,0.1,21360621,0.00118474939859,0.00118404786009,0.1178815729,true,157766400,0.2,1,1,1,,,,,
policy,measured_q16_high1_max3600,burst_900s_cv2_0.1,900,0.1,21360622,0.00714927686479,0.00712378157874,0.711347060337,true,6431192,4.90628797896,24.5314428492,1,600,309583,296100,275819,5,6
baseline_expected,always_tau_min_1s,burst_900s_cv2_0.1,900,0.1,21360622,0.00118300854233,0.00118230906358,0.11770835916,true,157766400,0.2,1,1,1,,,,,
policy,measured_q16_high1_max3600,burst_900s_cv2_0.1,900,0.1,21360623,0.00732695181433,0.00730017513993,0.729025569009,true,6451225,4.89105247453,24.4552642328,1,600,310829,297073,276697,5,6
baseline_expected,always_tau_min_1s,burst_900s_cv2_0.1,900,0.1,21360623,0.00119209968057,0.00119138941201,0.118612919801,true,157766400,0.2,1,1,1,,,,,
policy,measured_q16_high1_max3600,burst_900s_cv2_0.1,900,0.1,21360624,0.00726101576744,0.00723471827977,0.722464987566,true,6429225,4.90778904145,24.5389478514,1,600,310121,296414,275974,5,6
baseline_expected,always_tau_min_1s,burst_900s_cv2_0.1,900,0.1,21360624,0.00119809596324,0.00119737853282,0.119209544905,true,157766400,0.2,1,1,1,,,,,
policy,measured_q16_high1_max3600,burst_900s_cv2_0.1,900,0.1,21360625,0.00722074950279,0.00719474252537,0.718458527958,true,6425539,4.91060438665,24.5530224001,1,600,309507,295892,275715,5,6
baseline_expected,always_tau_min_1s,burst_900s_cv2_0.1,900,0.1,21360625,0.00118068740065,0.00117999066352,0.117477407507,true,157766400,0.2,1,1,1,,,,,
policy,measured_q16_high1_max3600,burst_900s_cv2_0.25,900,0.25,21460621,0.00772558792367,0.007695822271,0.76868952802,true,6391036,4.93711504676,24.685589316,1,600,309819,295309,274584,5,6
baseline_expected,always_tau_min_1s,burst_900s_cv2_0.25,900,0.25,21460621,0.00129152191581,0.00129068826032,0.12850534894,true,157766400,0.2,1,1,1,,,,,
policy,measured_q16_high1_max3600,burst_900s_cv2_0.25,900,0.25,21460622,0.00780863711446,0.00777822890802,0.776952852947,true,6389439,4.93834904755,24.6917576019,1,600,310064,295410,274541,5,6
baseline_expected,always_tau_min_1s,burst_900s_cv2_0.25,900,0.25,21460622,0.00128997448803,0.00128914282858,0.128351381171,true,157766400,0.2,1,1,1,,,,,
policy,measured_q16_high1_max3600,burst_900s_cv2_0.25,900,0.25,21460623,0.00789168632924,0.00786062872534,0.785216180263,true,6402652,4.92815789457,24.6407902538,1,600,310508,295764,275191,6,7
baseline_expected,always_tau_min_1s,burst_900s_cv2_0.25,900,0.25,21460623,0.00131009104924,0.0013092332546,0.130352962164,true,157766400,0.2,1,1,1,,,,,
policy,measured_q16_high1_max3600,burst_900s_cv2_0.25,900,0.25,21460624,0.0078594733012,0.00782866839719,0.782011010952,true,6391299,4.93691188599,24.6845677225,1,600,309793,295087,274703,6,7
baseline_expected,always_tau_min_1s,burst_900s_cv2_0.25,900,0.25,21460624,0.00130196705337,0.00130111986198,0.129544631378,true,157766400,0.2,1,1,1,,,,,
policy,measured_q16_high1_max3600,burst_900s_cv2_0.25,900,0.25,21460625,0.00770595811722,0.00767634334087,0.766736378719,true,6384747,4.9419781238,24.7098917154,1,600,309738,295277,274492,5,6
baseline_expected,always_tau_min_1s,burst_900s_cv2_0.25,900,0.25,21460625,0.00126734335666,0.00126654061622,0.126099602554,true,157766400,0.2,1,1,1,,,,,
policy,measured_q16_high1_max3600,burst_900s_cv2_0.5,900,0.5,21560621,0.00874231142872,0.00870420854078,0.86985266524,true,6339546,4.97721445668,24.8860770156,1,600,310415,294286,273078,6,7
baseline_expected,always_tau_min_1s,burst_900s_cv2_0.5,900,0.5,21560621,0.00145129383471,0.00145024121709,0.144402521056,true,157766400,0.2,1,1,1,,,,,
policy,measured_q16_high1_max3600,burst_900s_cv2_0.5,900,0.5,21560622,0.00863308913742,0.00859593103003,0.858985138732,true,6346310,4.97190966089,24.8595607526,1,600,310329,294347,273342,5,6
baseline_expected,always_tau_min_1s,burst_900s_cv2_0.5,900,0.5,21560622,0.00153969064698,0.00153850593144,0.153197929843,true,157766400,0.2,1,1,1,,,,,
policy,measured_q16_high1_max3600,burst_900s_cv2_0.5,900,0.5,21560623,0.00891444977141,0.00887483386943,0.886980286167,true,6329813,4.98486764143,24.9243423147,1,600,309888,293468,272845,9,8
baseline_expected,always_tau_min_1s,burst_900s_cv2_0.5,900,0.5,21560623,0.00159539804727,0.00159412607633,0.158740769515,true,157766400,0.2,1,1,1,,,,,
policy,measured_q16_high1_max3600,burst_900s_cv2_0.5,900,0.5,21560624,0.00866781880802,0.00863036156889,0.862440711869,true,6353001,4.96667323049,24.8333688284,1,600,310649,294619,273539,6,7
baseline_expected,always_tau_min_1s,burst_900s_cv2_0.5,900,0.5,21560624,0.00145477554723,0.00145371787424,0.144748948536,true,157766400,0.2,1,1,1,,,,,
policy,measured_q16_high1_max3600,burst_900s_cv2_0.5,900,0.5,21560625,0.00867234875619,0.0086348524118,0.862891437918,true,6312817,4.99828840278,24.9914459741,1,600,308797,292731,271780,6,7
baseline_expected,always_tau_min_1s,burst_900s_cv2_0.5,900,0.5,21560625,0.00150139180928,0.00150026528445,0.149387227568,true,157766400,0.2,1,1,1,,,,,
policy,measured_q16_high1_max3600,burst_900s_cv2_0.75,900,0.75,21660621,0.00955971691109,0.00951416807759,0.951183826137,true,6267782,5.03420189151,25.1710097767,1,600,309307,291932,270556,10,8
baseline_expected,always_tau_min_1s,burst_900s_cv2_0.75,900,0.75,21660621,0.00170990770343,0.00170844664413,0.170134384398,true,157766400,0.2,1,1,1,,,,,
policy,measured_q16_high1_max3600,burst_900s_cv2_0.75,900,0.75,21660622,0.0094338847187,0.00938952523194,0.938663628381,true,6259886,5.0405518567,25.2027655136,1,600,308851,291534,270113,6,7
baseline_expected,always_tau_min_1s,burst_900s_cv2_0.75,900,0.75,21660622,0.00161358032376,0.00161227920294,0.160549890797,true,157766400,0.2,1,1,1,,,,,
policy,measured_q16_high1_max3600,burst_900s_cv2_0.75,900,0.75,21660623,0.00948824421575,0.00944337285555,0.94407235281,true,6256569,5.04322416967,25.2161294793,1,600,308977,291640,270075,7,8
baseline_expected,always_tau_min_1s,burst_900s_cv2_0.75,900,0.75,21660623,0.00169230571236,0.00169087457048,0.168383001029,true,157766400,0.2,1,1,1,,,,,
policy,measured_q16_high1_max3600,burst_900s_cv2_0.75,900,0.75,21660624,0.00945351457822,0.00940897058556,0.940616782964,true,6270003,5.03241864478,25.1620943403,1,600,309541,292306,270661,8,9
baseline_expected,always_tau_min_1s,burst_900s_cv2_0.75,900,0.75,21660624,0.00167025486641,0.00166886076703,0.166188960325,true,157766400,0.2,1,1,1,,,,,
policy,measured_q16_high1_max3600,burst_900s_cv2_0.75,900,0.75,21660625,0.00967548242845,0.00962882554554,0.962702398157,true,6288792,5.01738330668,25.0869201907,1,600,310100,292509,271447,7,8
baseline_expected,always_tau_min_1s,burst_900s_cv2_0.75,900,0.75,21660625,0.0018453076347,0.00184360610134,0.183606564158,true,157766400,0.2,1,1,1,,,,,
policy,measured_q16_high1_max3600,burst_900s_cv2_1,900,1,21760621,0.0103680624118,0.0103144993277,1.03161352644,false,6226843,5.06729975366,25.3365034256,1,600,309628,290971,269231,8,8
baseline_expected,always_tau_min_1s,burst_900s_cv2_1,900,1,21760621,0.00184936963263,0.00184766060232,0.184010729551,true,157766400,0.2,1,1,1,,,,,
policy,measured_q16_high1_max3600,burst_900s_cv2_1,900,1,21760622,0.0104516149867,0.0103971866452,1.03992693767,false,6232430,5.06275722311,25.3137938172,1,600,310222,291511,269494,8,8
baseline_expected,always_tau_min_1s,burst_900s_cv2_1,900,1,21760622,0.0019327373046,0.00193087077056,0.192305743089,true,157766400,0.2,1,1,1,,,,,
policy,measured_q16_high1_max3600,burst_900s_cv2_1,900,1,21760623,0.0104078253637,0.0103538513623,1.03556990686,false,6217972,5.074529123,25.3726536562,1,600,309665,290899,268983,8,9
baseline_expected,always_tau_min_1s,burst_900s_cv2_1,900,1,21760623,0.00182248307485,0.00182082336099,0.18133553957,true,157766400,0.2,1,1,1,,,,,
policy,measured_q16_high1_max3600,burst_900s_cv2_1,900,1,21760624,0.0103313194236,0.0102781346569,1.02795762989,false,6225793,5.06815437005,25.3407739384,1,600,309832,291180,269216,7,8
baseline_expected,always_tau_min_1s,burst_900s_cv2_1,900,1,21760624,0.00162615317452,0.00162483170384,0.161800878918,true,157766400,0.2,1,1,1,,,,,
policy,measured_q16_high1_max3600,burst_900s_cv2_1,900,1,21760625,0.0104969145149,0.0104420141703,1.04443420278,false,6218702,5.07393343498,25.3696734463,1,600,309566,290710,268731,8,9
baseline_expected,always_tau_min_1s,burst_900s_cv2_1,900,1,21760625,0.00176832310235,0.00176676054022,0.175946667666,true,157766400,0.2,1,1,1,,,,,
policy,measured_q16_high1_max3600,burst_1800s_cv2_0.1,1800,0.1,21860621,0.00708787078074,0.00706281106626,0.705237206403,true,6431380,4.90614455995,24.5307232662,1,600,309425,296003,275902,5,6
baseline_expected,always_tau_min_1s,burst_1800s_cv2_0.1,1800,0.1,21860621,0.00115979712554,0.00115912482079,0.11539884263,true,157766400,0.2,1,1,1,,,,,
policy,measured_q16_high1_max3600,burst_1800s_cv2_0.1,1800,0.1,21860622,0.00718551649339,0.00715976239218,0.714952873031,true,6440083,4.89951449383,24.4975867547,1,600,310035,296423,276300,5,6
baseline_expected,always_tau_min_1s,burst_1800s_cv2_0.1,1800,0.1,21860622,0.00117295026172,0.00117226262444,0.116707568664,true,157766400,0.2,1,1,1,,,,,
policy,measured_q16_high1_max3600,burst_1800s_cv2_0.1,1800,0.1,21860623,0.0071120305375,0.00708679989744,0.707641081966,true,6425312,4.91077787351,24.5538973049,1,600,309425,295933,275622,5,6
baseline_expected,always_tau_min_1s,burst_1800s_cv2_0.1,1800,0.1,21860623,0.00116211826722,0.00116144326928,0.115629794283,true,157766400,0.2,1,1,1,,,,,
policy,measured_q16_high1_max3600,burst_1800s_cv2_0.1,1800,0.1,21860624,0.00705314113362,0.00702832610925,0.701781635602,true,6446484,4.8946495485,24.473259687,1,600,310073,296756,276615,6,6
baseline_expected,always_tau_min_1s,burst_1800s_cv2_0.1,1800,0.1,21860624,0.00120080396186,0.00120008328528,0.1194789885,true,157766400,0.2,1,1,1,,,,,
policy,measured_q16_high1_max3600,burst_1800s_cv2_0.1,1800,0.1,21860625,0.00703904792655,0.00701433185523,0.700379373302,true,6439815,4.89971839253,24.4986071805,1,600,309526,296198,276195,5,6
baseline_expected,always_tau_min_1s,burst_1800s_cv2_0.1,1800,0.1,21860625,0.00116134455332,0.00116067045372,0.115552810399,true,157766400,0.2,1,1,1,,,,,
policy,measured_q16_high1_max3600,burst_1800s_cv2_0.25,1800,0.25,21960621,0.00740194774023,0.00737462079084,0.736487600825,true,6410804,4.92189123236,24.6094630252,1,600,309621,295691,275235,5,6
baseline_expected,always_tau_min_1s,burst_1800s_cv2_0.25,1800,0.25,21960621,0.00121086224247,0.00121012944459,0.120479778997,true,157766400,0.2,1,1,1,,,,,
policy,measured_q16_high1_max3600,burst_1800s_cv2_0.25,1800,0.25,21960622,0.00745781719262,0.00743007667805,0.742046564546,true,6418625,4.91589398041,24.5794702136,1,600,310011,295973,275725,5,6
baseline_expected,always_tau_min_1s,burst_1800s_cv2_0.25,1800,0.25,21960622,0.00121550452583,0.00121476609942,0.120941682303,true,157766400,0.2,1,1,1,,,,,
policy,measured_q16_high1_max3600,burst_1800s_cv2_0.25,1800,0.25,21960623,0.00743919402884,0.00741159171368,0.740193575347,true,6418866,4.91570941035,24.5785497002,1,600,310456,296406,275724,5,6
baseline_expected,always_tau_min_1s,burst_1800s_cv2_0.25,1800,0.25,21960623,0.00120854110079,0.0012078111091,0.120248827344,true,157766400,0.2,1,1,1,,,,,
policy,measured_q16_high1_max3600,burst_1800s_cv2_0.25,1800,0.25,21960624,0.00752576653606,0.0074975188613,0.748807467309,true,6417538,4.91672663255,24.5836376816,1,600,310259,296110,275711,5,6
baseline_expected,always_tau_min_1s,burst_1800s_cv2_0.25,1800,0.25,21960624,0.00133310903756,0.00133222084244,0.132643232723,true,157766400,0.2,1,1,1,,,,,
policy,measured_q16_high1_max3600,burst_1800s_cv2_0.25,1800,0.25,21960625,0.00751519664596,0.00748702816371,0.747755772097,true,6421310,4.91383845352,24.5691936692,1,600,309961,295849,275552,5,6
baseline_expected,always_tau_min_1s,burst_1800s_cv2_0.25,1800,0.25,21960625,0.00126192735941,0.0012611314639,0.125560715363,true,157766400,0.2,1,1,1,,,,,
policy,measured_q16_high1_max3600,burst_1800s_cv2_0.5,1800,0.5,22060621,0.00784085015877,0.0078101908771,0.780158023877,true,6384065,4.94250606784,24.7125405208,1,600,309871,295233,274373,5,6
baseline_expected,always_tau_min_1s,burst_1800s_cv2_0.5,1800,0.5,22060621,0.00129248905818,0.00129165415394,0.128601578795,true,157766400,0.2,1,1,1,,,,,
policy,measured_q16_high1_max3600,burst_1800s_cv2_0.5,1800,0.5,22060622,0.00796819226943,0.00793653037724,0.792828457236,true,6352778,4.9668475744,24.8342460574,1,600,308627,293798,273255,5,6
baseline_expected,always_tau_min_1s,burst_1800s_cv2_0.5,1800,0.5,22060622,0.00137953187114,0.00137858075446,0.137262265784,true,157766400,0.2,1,1,1,,,,,
policy,measured_q16_high1_max3600,burst_1800s_cv2_0.5,1800,0.5,22060623,0.00817556411061,0.00814223507608,0.813461781754,true,6364054,4.95804718187,24.7902373236,1,600,309432,294499,273747,23,9
baseline_expected,always_tau_min_1s,burst_1800s_cv2_0.5,1800,0.5,22060623,0.00137798444335,0.00137703545873,0.137108298015,true,157766400,0.2,1,1,1,,,,,
policy,measured_q16_high1_max3600,burst_1800s_cv2_0.5,1800,0.5,22060624,0.00787205649825,0.00784115300601,0.78326302852,true,6383459,4.94297527406,24.7148806,1,600,310054,295287,274506,5,6
baseline_expected,always_tau_min_1s,burst_1800s_cv2_0.5,1800,0.5,22060624,0.0013118319055,0.00131097183016,0.130526175904,true,157766400,0.2,1,1,1,,,,,
policy,measured_q16_high1_max3600,burst_1800s_cv2_0.5,1800,0.5,22060625,0.00791483943613,0.00788359956832,0.787519895006,true,6389136,4.93858324506,24.69291826,1,600,310110,295326,274668,6,7
baseline_expected,always_tau_min_1s,burst_1800s_cv2_0.5,1800,0.5,22060625,0.00128745991788,0.00128663149691,0.128101183547,true,157766400,0.2,1,1,1,,,,,
policy,measured_q16_high1_max3600,burst_1800s_cv2_0.75,1800,0.75,22160621,0.00845088424851,0.00841527590415,0.840855904886,true,6329761,4.98490859292,24.9245570251,1,600,309520,293843,272472,7,8
baseline_expected,always_tau_min_1s,burst_1800s_cv2_0.75,1800,0.75,22160621,0.00135786788213,0.00135694639667,0.135106717022,true,157766400,0.2,1,1,1,,,,,
policy,measured_q16_high1_max3600,burst_1800s_cv2_0.75,1800,0.75,22160622,0.00837991492503,0.00834490130993,0.833794516639,true,6384450,4.94220802105,24.7110429246,1,600,311635,296027,274938,7,8
baseline_expected,always_tau_min_1s,burst_1800s_cv2_0.75,1800,0.75,22160622,0.00137527644473,0.00137433118546,0.13683885442,true,157766400,0.2,1,1,1,,,,,
policy,measured_q16_high1_max3600,burst_1800s_cv2_0.75,1800,0.75,22160623,0.00849870046483,0.00846268860026,0.845613578363,true,6356183,4.96418683981,24.8209521343,1,600,310467,294744,273876,7,8
baseline_expected,always_tau_min_1s,burst_1800s_cv2_0.75,1800,0.75,22160623,0.00136908673358,0.0013681499619,0.136222983345,true,157766400,0.2,1,1,1,,,,,
policy,measured_q16_high1_max3600,burst_1800s_cv2_0.75,1800,0.75,22160624,0.00855607989897,0.00851958081788,0.851322784003,true,6353379,4.9663777338,24.8318922891,1,600,311019,295180,273503,7,8
baseline_expected,always_tau_min_1s,burst_1800s_cv2_0.75,1800,0.75,22160624,0.00146850896883,0.00146743123715,0.146115412483,true,157766400,0.2,1,1,1,,,,,
policy,measured_q16_high1_max3600,burst_1800s_cv2_0.75,1800,0.75,22160625,0.0085208469029,0.00848464737677,0.847817130403,true,6338533,4.97800989598,24.8900632055,1,1200,309839,294073,273029,7,7
baseline_expected,always_tau_min_1s,burst_1800s_cv2_0.75,1800,0.75,22160625,0.001438334127,0.00143730022023,0.143113040994,true,157766400,0.2,1,1,1,,,,,
policy,measured_q16_high1_max3600,burst_1800s_cv2_1,1800,1,22260621,0.00891998645027,0.008880321396,0.887531181076,true,6294282,5.01300704354,25.065041096,1,600,309128,292810,271501,11,10
baseline_expected,always_tau_min_1s,burst_1800s_cv2_1,1800,1,22260621,0.00147701982165,0.00147592956472,0.146962235211,true,157766400,0.2,1,1,1,,,,,
policy,measured_q16_high1_max3600,burst_1800s_cv2_1,1800,1,22260622,0.00889029000531,0.00885088822799,0.884576409675,true,6303354,5.00579215446,25.0289625174,1,600,309845,293476,271853,7,8
baseline_expected,always_tau_min_1s,burst_1800s_cv2_1,1800,1,22260622,0.00145729011738,0.00145622878575,0.14499914616,true,157766400,0.2,1,1,1,,,,,
policy,measured_q16_high1_max3600,burst_1800s_cv2_1,1800,1,22260623,0.00891142980071,0.00887184069595,0.886679801612,true,6323217,4.9900675558,24.9503412583,1,600,310784,294363,272665,7,8
baseline_expected,always_tau_min_1s,burst_1800s_cv2_1,1800,1,22260623,0.00142518099082,0.00142416590268,0.14180431496,true,157766400,0.2,1,1,1,,,,,
policy,measured_q16_high1_max3600,burst_1800s_cv2_1,1800,1,22260624,0.00868694539354,0.00864932290373,0.864343791109,true,6300730,5.00787686506,25.0393874995,1,600,309213,293234,271457,14,8
baseline_expected,always_tau_min_1s,burst_1800s_cv2_1,1800,1,22260624,0.00139384557816,0.00139287462658,0.138686467644,true,157766400,0.2,1,1,1,,,,,
policy,measured_q16_high1_max3600,burst_1800s_cv2_1,1800,1,22260625,0.00897082255941,0.00893070478349,0.892589331359,true,6322117,4.99093578939,24.9546916009,1,600,310675,294165,272450,7,8
baseline_expected,always_tau_min_1s,burst_1800s_cv2_1,1800,1,22260625,0.00137527644473,0.00137433118546,0.13683885442,true,157766400,0.2,1,1,1,,,,,
