policy,seed,target_e,risk_e,p_mission,risk_utilization,target_met,pass_count,mean_tau_seconds,min_tau_seconds,max_tau_seconds,observed_corrections,high_activity_events,relax_events,q_cache_entries
measured_q8_high1_max120,20260650,0.0100503358535,0.0108009932231,0.0107428719399,1.07468977958,false,3587449,43.9773256707,1,120,310242,289887,309731,174406
measured_q8_high1_max120,20260651,0.0100503358535,0.0108401233666,0.0107815809559,1.07858319608,false,3583487,44.0259727467,1,120,309706,289820,309334,174679
measured_q8_high1_max120,20260652,0.0100503358535,0.0108060888783,0.0107479128403,1.07519679301,false,3589495,43.9522721163,1,120,310409,290223,309617,174648
measured_q8_high1_max120,20260653,0.0100503358535,0.0108407660183,0.0107822166786,1.07864713939,false,3581805,44.0466354254,1,120,309657,289599,309115,174517
measured_q8_high1_max120,20260654,0.0100503358535,0.0107785197924,0.0107206396885,1.07245369204,false,3586110,43.9937514466,1,120,310257,289944,309498,174524
measured_q8_high1_max120,20260655,0.0100503358535,0.0108054764441,0.0107473069883,1.07513585631,false,3590093,43.9449368025,1,120,310399,290196,309671,174498
measured_q8_high1_max120,20260656,0.0100503358535,0.0108235981769,0.0107652337988,1.07693895355,false,3580577,44.0617308328,1,120,308883,288971,309104,174330
measured_q8_high1_max120,20260657,0.0100503358535,0.0108033727768,0.0107452259275,1.07492654318,false,3585908,43.9962246661,1,120,309524,289451,309706,174373
measured_q8_high1_max120,20260658,0.0100503358535,0.0108055803704,0.0107474097976,1.07514619689,false,3588102,43.9693512057,1,120,310034,290062,309640,174882
measured_q8_high1_max120,20260659,0.0100503358535,0.0108119211676,0.0107536824278,1.07577710091,false,3583717,44.0231416153,1,120,309578,289595,309569,174397
measured_q8_high1_max120,20260660,0.0100503358535,0.0108068337717,0.0107486497273,1.07527090927,false,3592815,43.9116478305,1,120,310569,290347,309974,174617
measured_q8_high1_max120,20260661,0.0100503358535,0.010806404049,0.0107482246235,1.07522815223,false,3592163,43.9196431231,1,120,310524,290183,310357,174871
measured_q8_high1_max120,20260662,0.0100503358535,0.0108257615906,0.0107673739205,1.0771542114,false,3584546,44.0129480832,1,120,310006,289784,309416,174418
measured_q8_high1_max120,20260663,0.0100503358535,0.0107883871552,0.0107304012187,1.07343548638,false,3592663,43.9135307152,1,120,310812,290498,310039,174757
measured_q8_high1_max120,20260664,0.0100503358535,0.0108356901991,0.0107771955753,1.07814209964,false,3580003,44.0687943558,1,120,309339,289083,309224,174276
measured_q8_high1_max120,20260665,0.0100503358535,0.0107982722035,0.0107401801481,1.07441904041,false,3595337,43.8808400993,1,120,310028,290381,310473,174721
measured_q8_high1_max120,20260666,0.0100503358535,0.0107943808637,0.0107363305945,1.07403185535,false,3588452,43.9650331118,1,120,310159,290026,309774,174773
measured_q8_high1_max120,20260667,0.0100503358535,0.0108155374855,0.0107572598505,1.07613692151,false,3583812,44.0219712976,1,120,309817,289730,309552,174670
measured_q8_high1_max120,20260668,0.0100503358535,0.0108087868443,0.0107505818052,1.07546523836,false,3588806,43.9606980706,1,120,310327,290346,309635,174428
measured_q8_high1_max120,20260669,0.0100503358535,0.0108248022568,0.0107664249158,1.07705875849,false,3585218,44.0046886968,1,120,309926,289720,309507,175004
measured_q8_high1_max120,20260670,0.0100503358535,0.010816472114,0.0107581844245,1.07622991626,false,3586009,43.99500308,1,120,310063,290044,309482,174847
measured_q8_high1_max120,20260671,0.0100503358535,0.0108037202256,0.0107455696429,1.07496111404,false,3592311,43.917830611,1,120,310712,290597,310221,174531
measured_q8_high1_max120,20260672,0.0100503358535,0.0108337296338,0.0107752561374,1.07794702503,false,3585507,44.0011677567,1,120,309781,289747,309531,174784
measured_q8_high1_max120,20260673,0.0100503358535,0.0108288267533,0.0107704060749,1.07745919253,false,3586822,43.9850394026,1,120,310099,289945,309500,174793
measured_q8_high1_max120,20260674,0.0100503358535,0.0108680889213,0.0108092446109,1.08136574536,false,3577110,44.1044639388,1,120,309245,289105,308876,174328
measured_q8_high1_max120,20260675,0.0100503358535,0.0107998370926,0.0107417282289,1.07457474557,false,3591240,43.9309001905,1,120,310394,290366,310017,174377
measured_q8_high1_max120,20260676,0.0100503358535,0.0108335346312,0.010775063236,1.07792762243,false,3578574,44.0863877623,1,120,309185,289112,308766,174567
measured_q8_high1_max120,20260677,0.0100503358535,0.0108097870123,0.0107515712203,1.07556475424,false,3583786,44.0222722562,1,120,309633,289634,309289,174425
measured_q8_high1_max120,20260678,0.0100503358535,0.0107943238219,0.0107362741651,1.07402617974,false,3594121,43.8956938289,1,120,310239,290117,309992,174423
measured_q8_high1_max120,20260679,0.0100503358535,0.0108246498672,0.0107662741669,1.07704359586,false,3571167,44.1778306643,1,120,308234,288310,308566,174209
measured_q16_high1_max120,20261650,0.0100503358535,0.0065743299803,0.00655276635429,0.654140326863,true,6548471,24.0921040957,1,120,310012,297591,281687,182966
measured_q16_high1_max120,20261651,0.0100503358535,0.00657848900438,0.00655689811667,0.654554146276,true,6556692,24.0618926434,1,120,310363,297768,281923,182988
measured_q16_high1_max120,20261652,0.0100503358535,0.00658410458978,0.00656247686558,0.65511289232,true,6549841,24.0870589072,1,120,309729,297268,281424,183291
measured_q16_high1_max120,20261653,0.0100503358535,0.00658556494733,0.00656392763851,0.655258196673,true,6551360,24.0814748388,1,120,310008,297332,281636,183074
measured_q16_high1_max120,20261654,0.0100503358535,0.0065847470485,0.00656311510798,0.655176816425,true,6540789,24.1203938852,1,120,309654,297142,281294,183142
measured_q16_high1_max120,20261655,0.0100503358535,0.0065894914434,0.00656782835369,0.655648879744,true,6535359,24.1404381917,1,120,309423,297047,281136,182727
measured_q16_high1_max120,20261656,0.0100503358535,0.00657913658669,0.00655754145264,0.654618580174,true,6547681,24.0950110428,1,120,309379,296860,281637,183200
measured_q16_high1_max120,20261657,0.0100503358535,0.00658095592077,0.00655934885472,0.654799602391,true,6556607,24.0622090054,1,120,310580,297859,281973,182963
measured_q16_high1_max120,20261658,0.0100503358535,0.00658318043259,0.00656155877273,0.655020939454,true,6553660,24.0730228605,1,120,310242,297503,281932,183217
measured_q16_high1_max120,20261659,0.0100503358535,0.00659170147588,0.00657002386863,0.655868776125,true,6541345,24.1183461505,1,120,309757,297236,281157,182996
measured_q16_high1_max120,20261660,0.0100503358535,0.00658187376433,0.0065602606774,0.654890927056,true,6555180,24.0674439146,1,120,310408,297658,282018,183221
measured_q16_high1_max120,20261661,0.0100503358535,0.00658784788016,0.00656619558376,0.655485346579,true,6548867,24.0906471303,1,120,309608,297262,281681,182911
measured_q16_high1_max120,20261662,0.0100503358535,0.0065797348119,0.00655813575478,0.654678103081,true,6548019,24.0937602655,1,120,309709,297136,281668,182927
measured_q16_high1_max120,20261663,0.0100503358535,0.00656904627248,0.00654751725551,0.653614602361,true,6550313,24.0853261516,1,120,309734,297171,281400,183147
measured_q16_high1_max120,20261664,0.0100503358535,0.00658529675501,0.00656366120656,0.655231511763,true,6557153,24.0602053971,1,120,309980,297348,281699,183493
measured_q16_high1_max120,20261665,0.0100503358535,0.00658256411235,0.00656094649633,0.654959616107,true,6540391,24.1218616746,1,120,309343,296955,281338,182957
measured_q16_high1_max120,20261666,0.0100503358535,0.0065813418954,0.00655973229754,0.654838006544,true,6553532,24.0734999081,1,120,309770,297326,281736,183107
measured_q16_high1_max120,20261667,0.0100503358535,0.00656291878535,0.00654142986956,0.653004922523,true,6560998,24.0460998464,1,120,310156,297568,282075,183324
measured_q16_high1_max120,20261668,0.0100503358535,0.00657070884277,0.00654916893872,0.653780026712,true,6547750,24.0947635447,1,120,309708,297283,281550,182843
measured_q16_high1_max120,20261669,0.0100503358535,0.00657918012761,0.00655758470804,0.654622912459,true,6543132,24.1117637547,1,120,309295,296809,281341,182653
measured_q16_high1_max120,20261670,0.0100503358535,0.00656525665946,0.00654375244791,0.653237539039,true,6579365,23.9789710709,1,120,311081,298458,282779,183073
measured_q16_high1_max120,20261671,0.0100503358535,0.00658881430862,0.00656715566599,0.655581505401,true,6548507,24.0919647791,1,120,309834,297502,281713,182864
measured_q16_high1_max120,20261672,0.0100503358535,0.00656926707702,0.00654773661431,0.653636572228,true,6571054,24.0093001823,1,120,310524,298018,282527,183200
measured_q16_high1_max120,20261673,0.0100503358535,0.00656079097618,0.00653931597705,0.652793207293,true,6566996,24.0241525958,1,120,310562,298011,282488,182985
measured_q16_high1_max120,20261674,0.0100503358535,0.00657645323007,0.00655487568867,0.654351588438,true,6557082,24.0604613455,1,120,310240,297561,281908,182920
measured_q16_high1_max120,20261675,0.0100503358535,0.00657672612899,0.00655514679874,0.654378741652,true,6548724,24.0911769988,1,120,309884,297434,281456,182925
measured_q16_high1_max120,20261676,0.0100503358535,0.00656742717294,0.00654590875575,0.653453503312,true,6562449,24.040788736,1,120,310420,298099,282285,183109
measured_q16_high1_max120,20261677,0.0100503358535,0.00656906559904,0.00654753645553,0.653616525337,true,6553328,24.0742459404,1,120,309943,297306,281683,183016
measured_q16_high1_max120,20261678,0.0100503358535,0.00657620809253,0.00655463215794,0.654327197457,true,6552897,24.0758289044,1,120,310106,297456,281792,182877
measured_q16_high1_max120,20261679,0.0100503358535,0.00657382871369,0.00655226837225,0.654090451256,true,6554670,24.0693125665,1,120,309941,297546,281806,182678
measured_q16_high1_max3600,20262650,0.0100503358535,0.00685759472016,0.0068341350737,0.682324931238,true,6448561,24.465376384,1,600,309024,296258,276591,185226
measured_q16_high1_max3600,20262651,0.0100503358535,0.00684103963004,0.00681769298721,0.680677713637,true,6456766,24.4342759208,1,600,310066,297238,277024,185404
measured_q16_high1_max3600,20262652,0.0100503358535,0.00682961973986,0.00680635088957,0.679541444128,true,6460929,24.4185483233,1,600,309679,296850,277004,184758
measured_q16_high1_max3600,20262653,0.0100503358535,0.00684497805884,0.0068216045573,0.681069584003,true,6456470,24.435404176,1,600,309509,296655,276762,185093
measured_q16_high1_max3600,20262654,0.0100503358535,0.00684516613204,0.00682179134752,0.681088297129,true,6465885,24.3998153385,1,600,310357,297306,277290,185023
measured_q16_high1_max3600,20262655,0.0100503358535,0.00685414013379,0.00683070409051,0.681981202787,true,6450627,24.4575383137,1,600,309627,296718,276764,185277
measured_q16_high1_max3600,20262656,0.0100503358535,0.0068561165825,0.00683266703674,0.682177857778,true,6447598,24.4690222622,1,600,309350,296493,276558,185139
measured_q16_high1_max3600,20262657,0.0100503358535,0.00684347112919,0.0068201079062,0.680919645765,true,6467352,24.3942828533,1,600,310219,297362,277399,185434
measured_q16_high1_max3600,20262658,0.0100503358535,0.00682780876487,0.00680455223908,0.679361253633,true,6469290,24.3869804878,1,600,309937,297128,277220,185328
measured_q16_high1_max3600,20262659,0.0100503358535,0.00687739609017,0.00685380092377,0.68429515097,true,6439459,24.4999628074,1,600,309474,296209,276135,184903
measured_q16_high1_max3600,20262660,0.0100503358535,0.00685075006267,0.00682733717026,0.68164389355,true,6470878,24.3810061015,1,600,310651,297584,277248,185168
measured_q16_high1_max3600,20262661,0.0100503358535,0.00682793702064,0.00680467962212,0.679374014975,true,6481361,24.3415557319,1,600,311063,298160,277857,185256
measured_q16_high1_max3600,20262662,0.0100503358535,0.00684629883721,0.00682291632498,0.681201000345,true,6437974,24.5056003643,1,600,309497,296502,275953,185016
measured_q16_high1_max3600,20262663,0.0100503358535,0.00684279830451,0.00681943967003,0.680852700273,true,6455570,24.4388085018,1,600,310007,297065,276759,184986
measured_q16_high1_max3600,20262664,0.0100503358535,0.0068464892473,0.0068231054359,0.68121994599,true,6438557,24.5033969568,1,600,309382,296357,276104,184993
measured_q16_high1_max3600,20262665,0.0100503358535,0.00684261882273,0.0068192614122,0.680834841986,true,6462241,24.413574486,1,600,309874,296899,276950,185220
measured_q16_high1_max3600,20262666,0.0100503358535,0.0068678028972,0.00684427343494,0.683340636304,true,6457353,24.432055209,1,600,310013,296952,276862,185033
measured_q16_high1_max3600,20262667,0.0100503358535,0.00681370049302,0.00679053986886,0.6779574924,true,6481086,24.3426152654,1,600,311087,298156,278004,185548
measured_q16_high1_max3600,20262668,0.0100503358535,0.00685264324726,0.00682921742766,0.681832263832,true,6440119,24.4974432926,1,600,309315,296327,275937,184956
measured_q16_high1_max3600,20262669,0.0100503358535,0.00684630520315,0.00682292264749,0.681201633751,true,6464584,24.4047273576,1,600,310004,297162,277194,185285
measured_q16_high1_max3600,20262670,0.0100503358535,0.00683565721316,0.00681234725161,0.680142167665,true,6466416,24.3978185134,1,600,310235,297365,277229,185054
measured_q16_high1_max3600,20262671,0.0100503358535,0.00684677722262,0.0068233914463,0.681248599293,true,6442163,24.4896777682,1,1200,309346,296352,276257,184983
measured_q16_high1_max3600,20262672,0.0100503358535,0.00686016733989,0.00683669010851,0.682580904746,true,6434242,24.5198152323,1,600,309248,296122,276039,184719
measured_q16_high1_max3600,20262673,0.0100503358535,0.0068452054704,0.00682183041752,0.681092211263,true,6457696,24.4307657096,1,600,309639,296762,276930,185062
measured_q16_high1_max3600,20262674,0.0100503358535,0.0068547819357,0.00683134150827,0.682045061541,true,6443638,24.484058074,1,600,309397,296309,276173,184844
measured_q16_high1_max3600,20262675,0.0100503358535,0.00682245133381,0.00679923124868,0.67882819373,true,6469214,24.3872668303,1,600,310601,297524,277506,185148
measured_q16_high1_max3600,20262676,0.0100503358535,0.0068567252221,0.00683327151753,0.682238416909,true,6437541,24.5072464781,1,600,309271,296189,275960,184970
measured_q16_high1_max3600,20262677,0.0100503358535,0.00682042283318,0.00679721653825,0.678626359616,true,6487005,24.3203822103,1,600,311595,298361,278222,185015
measured_q16_high1_max3600,20262678,0.0100503358535,0.00684414090209,0.00682077311096,0.680986287608,true,6460509,24.4201216963,1,600,309845,297013,277130,184898
measured_q16_high1_max3600,20262679,0.0100503358535,0.00685583635483,0.00683238872374,0.68214997536,true,6443945,24.4828925449,1,600,309593,296566,276499,184948
measured_q32_high1_max120,20263650,0.0100503358535,0.00391455878963,0.00390690689223,0.389495321022,true,12682105,12.4400811222,1,120,309626,302112,274960,181661
measured_q32_high1_max120,20263651,0.0100503358535,0.00390186939305,0.00389426699174,0.388232736689,true,12742774,12.3808532585,1,120,310880,303258,276309,182109
measured_q32_high1_max120,20263652,0.0100503358535,0.00389418931775,0.00388661679533,0.387468575629,true,12750557,12.3732949078,1,120,311041,303530,276418,181490
measured_q32_high1_max120,20263653,0.0100503358535,0.00391827947292,0.00391061303226,0.389865525892,true,12685126,12.4371178497,1,120,309682,302054,275083,181532
measured_q32_high1_max120,20263654,0.0100503358535,0.00391171717431,0.00390407637481,0.389212582677,true,12691235,12.4311322736,1,120,309919,302373,275237,181977
measured_q32_high1_max120,20263655,0.0100503358535,0.00392719864351,0.00391949728381,0.390752975896,true,12656433,12.4653163336,1,120,309041,301516,274494,182196
measured_q32_high1_max120,20263656,0.0100503358535,0.00390049178187,0.00389289474441,0.388095665531,true,12723793,12.3993255785,1,120,310538,302997,275674,182120
measured_q32_high1_max120,20263657,0.0100503358535,0.00390512015516,0.00389750508925,0.388556184796,true,12693298,12.4291118825,1,120,309977,302487,275181,182136
measured_q32_high1_max120,20263658,0.0100503358535,0.00390749184283,0.00389986753045,0.388792165733,true,12706244,12.4164486374,1,120,310382,302768,275467,181465
measured_q32_high1_max120,20263659,0.0100503358535,0.00390723476585,0.00389961145601,0.388766586789,true,12719136,12.403866033,1,120,309898,302534,275579,181753
measured_q32_high1_max120,20263660,0.0100503358535,0.00391503857625,0.00390738480425,0.389543059388,true,12689978,12.4323638701,1,120,309685,301988,275014,181885
measured_q32_high1_max120,20263661,0.0100503358535,0.00390243551645,0.00389483091035,0.388289065493,true,12695696,12.4267640782,1,120,309779,302285,275192,181633
measured_q32_high1_max120,20263662,0.0100503358535,0.0039085661098,0.00390093760735,0.388899054397,true,12683621,12.4385935215,1,120,309043,301569,274789,181793
measured_q32_high1_max120,20263663,0.0100503358535,0.00391275034488,0.00390510551128,0.389315382284,true,12682737,12.4394605045,1,120,309278,301779,274980,181748
measured_q32_high1_max120,20263664,0.0100503358535,0.00390487559326,0.00389726148051,0.388531851093,true,12720165,12.4028597899,1,120,310274,302675,275629,181588
measured_q32_high1_max120,20263665,0.0100503358535,0.00391151823562,0.00390387821277,0.389192788444,true,12681045,12.4411213745,1,120,309425,301780,274936,182015
measured_q32_high1_max120,20263666,0.0100503358535,0.00391000939297,0.00390237525933,0.389042659864,true,12688305,12.434004936,1,120,309933,302464,275227,181693
measured_q32_high1_max120,20263667,0.0100503358535,0.00390077477324,0.00389317663408,0.388123822935,true,12717039,12.4059069883,1,120,310293,302843,275787,181897
measured_q32_high1_max120,20263668,0.0100503358535,0.00390226358765,0.00389465965116,0.388271958721,true,12736573,12.3868801286,1,120,310869,303372,276318,181621
measured_q32_high1_max120,20263669,0.0100503358535,0.00391404971805,0.00390639980942,0.389444668826,true,12692711,12.4296864555,1,120,309865,302326,275195,181708
measured_q32_high1_max120,20263670,0.0100503358535,0.00391329407249,0.00390564711543,0.389369482725,true,12686200,12.4360644637,1,120,309389,301950,274973,181880
measured_q32_high1_max120,20263671,0.0100503358535,0.00391155215037,0.00390391199513,0.389196162933,true,12675473,12.4465924072,1,120,309094,301701,274848,182039
measured_q32_high1_max120,20263672,0.0100503358535,0.00389881664947,0.00389122613172,0.38792899126,true,12720739,12.4022983256,1,120,310740,303153,275936,182100
measured_q32_high1_max120,20263673,0.0100503358535,0.00392050884065,0.00391283367932,0.390087346114,true,12662740,12.459106086,1,120,309407,301826,274562,181847
measured_q32_high1_max120,20263674,0.0100503358535,0.0039066917609,0.00389907056842,0.388712558251,true,12689896,12.432443812,1,120,309385,301885,275085,181695
measured_q32_high1_max120,20263675,0.0100503358535,0.00390362497084,0.00389601573131,0.388407415209,true,12711030,12.4117744195,1,120,310327,302819,275642,181898
measured_q32_high1_max120,20263676,0.0100503358535,0.00391422009923,0.003906569525,0.38946162161,true,12699862,12.4226874276,1,120,309801,302246,275562,181871
measured_q32_high1_max120,20263677,0.0100503358535,0.00391278581596,0.00390514084384,0.389318911626,true,12703609,12.4190234444,1,120,310079,302647,275511,181692
measured_q32_high1_max120,20263678,0.0100503358535,0.00391237971798,0.00390473633164,0.389278505217,true,12685230,12.4370154108,1,120,309375,301882,275072,181840
measured_q32_high1_max120,20263679,0.0100503358535,0.00390796608496,0.00390033992299,0.388839352428,true,12729061,12.3941900349,1,120,310667,303082,276078,182171
